name,lang
BYU TV Global,Eng
BYU TV Global,Spa
BYU TV Global,Por
BYU TV Global,Ibo
BYU TV Global,Swa
BYU TV Global,Ara
BYU TV Global,Yor
Fox News Channel,Eng
Sky News International,Eng
RTL Deutschland,Ger
France 24 Français,Fre
Hunan TV,Chi
Parliament of Fiji,Eng
Channel 2,Eng
Hope Channel Fiji,Eng
Animal Planet Taiwan,Chi
Discovery Channel Taiwan,Chi
Nickelodeon South East Asia,Eng
Nickelodeon South East Asia,May
Nickelodeon South East Asia,Chi
Nickelodeon South East Asia,Ind
Paramount Network Asia,Eng
Nick Jr Asia,Eng
Nick Jr Asia,Tha
Nick Jr Asia,May
Nick Jr Asia,Chi
Nick Jr Asia,Ind
Eve,Eng
Eve,Tha
Discovery Science Southeast Asia,Eng
Discovery Science Southeast Asia,Tha
DMAX Southeast Asia,Eng
DMAX Southeast Asia,Tha
Animal Planet Southeast Asia,Eng
Animal Planet Southeast Asia,Tha
Animal Planet Southeast Asia,Vie
Discovery Channel Southeast Asia,Eng
Discovery Channel Southeast Asia,Tha
Discovery Channel Southeast Asia,Ind
Discovery Channel Southeast Asia,May
TLC Southeast Asia,Eng
TLC Southeast Asia,Tha
TLC Southeast Asia,Ind
Discovery Asia,Eng
Discovery Asia,Tha
Discovery Asia,Vie
BBC News Asia Pacific,Eng
Dog TV,Eng
Discovery Channel Japan,Jpn
Animal Planet Japan,Jpn
Asian Food Network,Eng
KBS World,Kor
NHK World Japan,Eng
NHK World Premium,Eng
NHK World Premium,Jpn
Arirang World,Eng
Myx USA,Eng
Aljazeera English,Eng
Parliament TV,Eng
Fix & Foxi,Eng
Fix & Foxi,Ara
Fix & Foxi,Ger
Perviy kanal,Rus
VTV 1,Vie
VTV 3,Vie
VTV Can Tho,Vie
Hainan Satellite TV,Chi
Shandong TV,Chi
Heilongjiang TV,Chi
BBTV Channel 7,Tha
BBTV Channel 7,Eng
Cinemachi Action,Eng
Cinemachi Xtra,Eng
Cinemachi,Eng
Cinemachi Max,Eng
Trace Sport Stars,Eng
Trace Sport Stars,Fre
Outdoor Channel International,Eng
Outdoor Channel International,Tha
Outdoor Channel International,Chi
Outdoor Channel International,Vie
TVN Premium,Kor
TVN Asia,Eng
TVN Asia,Chi
TVB Xing He,Chi
TVB Xing He,Tha
TVN Movies Pinoy,Tgl
Star Gold India,Hin
Star Bharat India,Hin
National Geographic India,Eng
National Geographic India,Hin
National Geographic India,Tel
National Geographic India,Ben
National Geographic India,Tam
National Geographic Wild India,Eng
National Geographic Wild India,Hin
National Geographic Wild India,Tam
Star Life India,Eng
Star Life India,Hin
Star Life India,Ben
Gazi TV,Ben
Sony Sports Ten 2,Eng
Sony Sports Ten 3,Hin
Sony Sports Ten 3,Eng
Sony Sports Ten 5,Eng
Sony Sports Ten 5,Tam
Sony Sports Ten 1,Hin
Sony Sports Ten 1,Eng
Sony Sports Ten 1,Ben
Sony Yay!,Ben
Sony Yay!,Hin
Sony Yay!,Tam
Sony Yay!,Tel
Sony Yay!,Eng
Sony Yay!,Mal
Sony Pix,Eng
Sony Pix,Hin
Sony Pix,Tam
Sony Pix,Tel
Sony BBC Earth,Hin
Sony BBC Earth,Tam
Sony BBC Earth,Tel
Sony BBC Earth,Eng
Motorvision+,Eng
Motorvision+,Bul
Ginx TV International,Eng
RT News,Eng
RCTI,Ind
DD National,Hin
DD News,Hin
Rock Entertainment,Tha
Rock Entertainment,Eng
ZooMoo Asia,Eng
Zee TV India,Hin
Zee Cinema Asia,Hin
& TV,Eng
& pictures,Hin
CBeebies Asia,Eng
CBeebies Asia,Ind
CBeebies Asia,May
CBeebies Asia,Vie
DreamWorks TV Asia,Eng
DreamWorks TV Asia,Ind
DreamWorks TV Asia,May
DreamWorks TV Asia,Yue
DreamWorks TV Asia,Tgl
DreamWorks TV Asia,Chi
DreamWorks TV Asia,Vie
History Asia,Eng
History Asia,Tha
History Asia,May
Lifetime Asia,Eng
Lifetime Asia,Tha
Crime + Investigation Asia,Eng
Crime + Investigation Asia,Tha
Kix Asia,Chi
Kix Asia,Eng
Celestial Movies Asia,Chi
Celestial Movies Asia,Tha
Celestial Classic Movies,Yue
Celestial Classic Movies,Chi
Celestial Classic Movies,Tha
Thrill,Eng
Thrill,Tha
Celestial Movies Pinoy,Chi
Miao Mi,Ind
Miao Mi,Chi
Baby TV Asia,Eng
Baby TV Asia,Ind
Baby TV Asia,Chi
Baby TV Asia,Fre
Baby TV Asia,Ara
Baby TV Asia,Tha
Baby TV Asia,Hin
Fight Sports,Eng
BBC Earth Asia,Eng
BBC Earth Asia,Tha
BBC Earth Asia,Vie
BBC Lifestyle Asia,Tha
Da Vinci Asia,Eng
Tech Storm,Eng
BeIn Sports 1 Indonesia,Ind
BeIn Sports 3 Indonesia,Ind
English Club TV,Rus
Silk Way,Rus
Silk Way,Kaz
Silk Way,Kir
Silk Way,Uzb
Silk Way,Eng
SpoTV Asia,Eng
SpoTV Asia,Qaa
SpoTV 2 Asia,Eng
SpoTV 2 Asia,Qaa
Inultra,Rus
Inultra,Eng
Inultra,Ger
Inultra,Pol
AXN Taiwan,Eng
Animax Asia,Ind
Animax Asia,Jpn
Animax Asia,Chi
Animax Asia,Eng
One,Kor
One,May
One,Ind
Animax Taiwan,Jpn
Global Trekker,Eng
Colors Infinity,Eng
Colors Cineplex,Hin
Nick HD+,Eng
SVBC Telugu,Tel
SVBC Telugu,Tam
SVBC 2 Tamil,Tam
Epic TV,Hin
ETV Bal Bharat Hindi,Hin
ETV Bal Bharat,Hin
ETV Bal Bharat,Eng
ETV Bal Bharat,Mar
ETV Bal Bharat,Tel
ETV Bal Bharat,Tam
ETV Bal Bharat,Kan
ETV Bal Bharat,Mal
ETV Bal Bharat,Ben
ETV Bal Bharat,Ori
ETV Bal Bharat,Guj
ETV Bal Bharat,Asm
ETV Bal Bharat,Pan
Topper TV,Eng
& flix,Eng
& flix,Hin
& flix,Tam
RT Doc,Rus
MCOT HD,Tha
T Sports 7,Tha
TP Channel,Tha
Thairath TV 32,Tha
PPTV HD 36,Tha
GMM 25,Tha
Thai Channel 8,Tha
Mono 29,Tha
France 24 English,Eng
TNN 16,Tha
TNN 16,Eng
True 4U,Tha
NBT 2,Tha
Workpoint 23,Tha
Nation TV,Tha
One 31,Tha
Channel 3,Tha
Amarin 34 HD,Tha
Thai PBS 3,Tha
ALTV 4,Tha
JKN 18,Tha
Thai TV 5 HD,Tha
NBT 11 Northeast,Tha
NBT 11 North,Tha
NBT 11 South,Tha
NBT 11 Central,Tha
Discovery Channel India,Hin
Discovery Channel India,Eng
Discovery Channel India,Ben
Discovery Channel India,Tam
Discovery Channel India,Mal
Animal Planet India,Eng
Animal Planet India,Hin
Investigation Discovery India,Hin
Discovery Science India,Eng
TLC India,Hin
Discovery HD World India,Mal
Discovery HD World India,Kan
Discovery HD World India,Eng
Discovery HD World India,Hin
Discovery HD World India,Tam
Discovery Kids India,Hin
Discovery Kids India,Mal
Discovery Kids India,Tam
TLC HD India,Eng
Animal Planet HD World India,Eng
Animal Planet HD World India,Hin
Pogo,Hin
Pogo,Tel
Pogo,Kan
Pogo,Mal
Pogo,Mar
Cartoon Network India,Hin
Cartoon Network India,Eng
Cartoon Network India,Tel
Cartoon Network India,Tam
Cartoon Network India,Kan
Cartoon Network India,Mal
Sony Sports Ten 4,Tam
Sony SAB India,Hin
Sony Max India,Hin
Sony Max India,Tam
SET India,Hin
Ten Cricket,Eng
Times Now,Eng
Movies Now,Eng
Movies Now +,Eng
Romedy Now,Eng
MNX,Eng
& TV Middle East,Eng
Zee Zest,Hin
Zee Zest,Eng
Zee Zest,Tam
Colors,Hin
Nick Jr India,Eng
Colors Tamil,Tam
Nickelodeon India,Hin
Nickelodeon India,Kan
Nickelodeon India,Tel
Nickelodeon India,Tam
Nickelodeon India,Mal
Nickelodeon India,Ben
History TV 18,Eng
History TV 18,Hin
History TV 18,Tam
Sonic Nickelodeon,Hin
Sonic Nickelodeon,Kan
Sonic Nickelodeon,Tel
Sonic Nickelodeon,Tam
Sonic Nickelodeon,Mal
Sonic Nickelodeon,Ben
Sonic Nickelodeon,Mar
MTV HD+,Hin
Sports 18 1,Eng
EWTN Africa - Asia,Eng
TRT World,Eng
Travelxp HD,Eng
Travelxp HD,Hin
Travelxp HD,Ben
Republic TV,Eng
Sun TV,Tam
Sun Music,Tam
Udaya TV,Kan
NDTV 24x7,Eng
Sky Sports Main Event UK,Eng
TNT Sports 1,Eng
CBBC,Eng
ITV 1 London,Eng
Channel 4 London,Eng
Toosheh TV,Per
CNN International Europe,Eng
DocuBox HD,Rus
DocuBox HD,Eng
FightBox HD,Rus
FightBox HD,Eng
FightBox HD,Pol
FightBox HD,Tur
Fast & FunBox HD,Rus
Fast & FunBox HD,Eng
Dizi,Rus
Dizi,Bul
FilmBox Family,Cze
FilmBox Family,Qaa
FilmBox Family,Pol
FilmBox Family,Hun
FilmBox Family,Slo
FilmBox Family,Eng
TRT Arabi,Ara
TRT Belgesel,Tur
TRT Kurdî,Kur
TRT 3 Spor,Tur
Cartoon Network Türkiye,Tur
CNN Türk,Tur
Teve 2,Tur
Minika Çocuk,Tur
Minika Go,Tur
IFilm English,Eng
Afro Music Pop,Eng
BBC Two England,Eng
BBC Three,Eng
S4C,Wel
S4C,Eng
Auto Motor und Sport,Bul
Auto Motor und Sport,Ger
Auto Motor und Sport,Cze
Auto Motor und Sport,Hun
Nautical Channel,Eng
Doma,Slo
Discovery Channel Central Europe,Eng
Discovery Channel Central Europe,Cze
Discovery Channel Central Europe,Rus
Discovery Channel Central Europe,Rum
Discovery Channel Central Europe,Bul
Discovery Channel Central Europe,Hun
Animal Planet Rossiya,Rus
Investigation Discovery Rossiya,Rus
TLC Rossiya,Rus
TLC Rossiya,Eng
Cartoon Network Russia & South East Europe,Rus
Cartoon Network Russia & South East Europe,Bul
Cartoon Network Russia & South East Europe,Eng
Cartoon Network Russia & South East Europe,Slv
Cartoon Network Russia & South East Europe,Srp
Cartoonito Central & Eastern Europe,Bul
Cartoonito Central & Eastern Europe,Rum
Cartoonito Central & Eastern Europe,Hun
Cartoonito Central & Eastern Europe,Eng
Cartoonito Central & Eastern Europe,Pol
Cartoonito Central & Eastern Europe,Rus
Cartoonito Central & Eastern Europe,Dut
Cartoonito Central & Eastern Europe,Hrv
Cartoonito Central & Eastern Europe,Srp
Cartoonito Central & Eastern Europe,Slv
Cartoonito Central & Eastern Europe,Qaa
Eurosport 1 Rossiya,Rus
Eurosport 1 Rossiya,Eng
Eurosport 2 Rossiya,Rus
Eurosport 2 Rossiya,Eng
Shop LC Deutschland,Ger
Disney Channel Deutschland,Ger
RBB Brandenburg,Ger
RBB Brandenburg,Qaa
RBB Berlin,Ger
RBB Berlin,Qaa
MDR Fernsehen Sachsen,Ger
MDR Fernsehen Sachsen,Qaa
MDR Fernsehen Sachsen-Anhalt,Ger
MDR Fernsehen Sachsen-Anhalt,Qaa
MDR Fernsehen Thüringen,Ger
MDR Fernsehen Thüringen,Qaa
HR Fernsehen,Ger
HR Fernsehen,Qaa
MTV Germany,Ger
SES Ultra HD Demo Channel,Eng
Tagesschau 24,Ger
One,Ger
ARD Alpha,Ger
SR Fernsehen,Ger
Sachsen Eins,Ger
Sportdigital Fussball,Ger
Sport 1+,Ger
ESports 1,Ger
Viasat Nature East,Eng
Viasat Nature East,Qaa
Viasat Nature East,Rus
Viasat Nature East,Hun
Viasat Nature East,Cze
Viasat Explore East,Bul
Viasat Explore East,Cze
Viasat Explore East,Hun
Viasat Explore East,Qaa
Viasat Explore East,Rus
Viasat Explore East,Tur
Viasat Explore East,Eng
Viasat Explore East,Rum
Viasat History,Bul
Viasat History,Qaa
Viasat History,Rus
Viasat History,Hun
Viasat History,Cze
Viasat History,Eng
Viasat History,Rum
TV 1000 Balkan,Rus
TV 1000 Balkan,Eng
TV 1000 Balkan,Rum
Viasat History HD,Tur
Viasat History HD,Cze
Viasat History HD,Hun
Viasat History HD,Qaa
Viasat History HD,Swe
Viasat History HD,Nor
Viasat History HD,Dan
Viasat History HD,Rus
Viasat History HD,Eng
Epic Drama,Bul
Epic Drama,Cze
Epic Drama,Qaa
Epic Drama,Lit
Epic Drama,Tur
Epic Drama,Hun
Epic Drama,Eng
Epic Drama,Rus
NASA TV UHD,Eng
Travelxp 4K Europe,Eng
Travelxp 4K Europe,Cze
Travelxp 4K Europe,Ger
Travelxp 4K Europe,Hun
Travelxp 4K Europe,Fre
Travelxp 4K Europe,Rus
Museum TV International,Eng
Museum TV International,Fre
Museum TV International,Pol
MyZen TV 4K,Spa
MyZen TV 4K,Eng
MyZen TV 4K,Fre
MyZen TV 4K,Rus
MyZen TV 4K,Tur
Dorcel TV,Fre
Dorcel TV,Eng
Dorcel TV,Spa
Baby TV Europe,Eng
Baby TV Europe,Tur
Baby TV Europe,Spa
Baby TV Europe,Ger
Baby TV Europe,Fre
Baby TV Europe,Dut
Baby TV Europe,Pol
Baby TV Europe,Por
Baby TV Europe,Gre
Baby TV Europe,Heb
Brazzers TV Europe,Eng
Dla Ciebie TV,Pol
MyZen TV,Bul
MyZen TV,Eng
MyZen TV,Fre
MyZen TV,Rus
MyZen TV,Spa
MyZen TV,Qaa
Distrito Comedia,Spa
Telehit Música,Spa
TeleHit,Spa
De Película Europa/Australia,Spa
Las Estrellas Europa,Spa
Tlnovelas Europa,Spa
Comedy Central Deutschland,Ger
AMC Ukraine,Ukr
AMC Ukraine,Rus
Travel Channel Europe,Bul
Travel Channel Europe,Eng
Travel Channel Europe,Cze
Travel Channel Europe,Rus
Travel Channel Europe,Hun
HGTV Pan Regional,Rum
HGTV Pan Regional,Bul
HGTV Pan Regional,Eng
HGTV Pan Regional,Hun
HGTV Pan Regional,Rus
HGTV Pan Regional,Cze
TLC Balkan,Bul
TLC Balkan,Eng
TLC Balkan,Hun
TLC Balkan,Cze
Animal Planet Europe,Eng
Animal Planet Europe,Lav
Animal Planet Europe,Rus
Animal Planet Europe,Cze
Animal Planet Europe,Hun
Investigation Discovery Europe,Eng
Investigation Discovery Europe,Tur
Investigation Discovery Europe,Hun
Investigation Discovery Europe,Rus
Investigation Discovery Europe,Cze
Investigation Discovery Europe,Bul
Investigation Discovery Europe,Ara
Discovery Science Europe,Eng
Food Network EMEA,Eng
Food Network EMEA,Bul
Food Network EMEA,Cze
Food Network EMEA,Hun
TLC Pan Regional,Cze
TLC Pan Regional,Hun
TLC Pan Regional,Eng
TLC Pan Regional,Rus
JimJam Middle East,Eng
JimJam Middle East,Por
JimJam Middle East,Rus
JimJam Middle East,Lit
JimJam Europe,Eng
JimJam Europe,Cze
JimJam Europe,Hun
JimJam Europe,Por
JimJam Europe,Rum
EbS,Qaa
EbS,Eng
EbS,Fre
EbS,Ger
EbS,Ita
EbS,Spa
EbS,Gre
EbS,Por
EbS,Dut
EbS,Dan
EbS,Fin
EbS,Swe
EbS,Cze
EbS,Est
EbS,Lav
EbS,Lit
EbS,Hun
EbS,Mlt
EbS,Pol
EbS,Slo
EbS,Slv
EbS,Bul
EbS,Rum
EbS,Gle
EbS,Hrv
EbS,Alb
EbS,Mac
EbS,Srp
EbS+,Qaa
EbS+,Eng
EbS+,Fre
EbS+,Ger
EbS+,Ita
EbS+,Spa
EbS+,Gre
EbS+,Por
EbS+,Dut
EbS+,Dan
EbS+,Fin
EbS+,Swe
EbS+,Cze
EbS+,Est
EbS+,Lav
EbS+,Lit
EbS+,Hun
EbS+,Mlt
EbS+,Pol
EbS+,Slo
EbS+,Slv
EbS+,Bul
EbS+,Rum
EbS+,Gle
EbS+,Hrv
EbS+,Tur
EbS+,Srp
EbS+,Bos
EbS+,Ukr
TLC Hungary,Hun
Discovery Channel Hungary,Cze
Discovery Channel Hungary,Hun
Discovery Channel Türkiye,Tur
Cartoon Network Central & Eastern Europe,Rum
Cartoon Network Central & Eastern Europe,Hun
Cartoon Network Central & Eastern Europe,Cze
Cartoon Network Central & Eastern Europe,Eng
M1,Hun
M1,Qaa
M2,Hun
Duna TV,Hun
M4 Sport,Hun
M4 Sport,Qaa
Duna World,Hun
M4 Sport +,Hun
M5,Qaa
M5,Hun
Nickelodeon Deutschland,Ger
Comedy Central Deutschland +1,Ger
RTG International,Eng
RTG International,Rus
AEK Super League Pass,Gre
Cosmote Sport 6,Gre
Cosmote Sport 4,Gre
National Geographic Wild Europe,Bul
National Geographic Wild Europe,Eng
National Geographic Wild Europe,Cze
National Geographic Wild Europe,Rus
National Geographic Wild Europe,Dut
Cosmote Sport 7,Gre
Diva Romania,Qaa
Diva Balkans,Eng
E! Europe,Eng
E! Europe,Ger
E! Europe,Fre
E! Europe,Pol
E! Europe,Tur
E! Europe,Cze
E! Europe,Hun
Hip TV,Eng
SBN International,Eng
SBN International,Spa
Rai 1,Ita
Rai 2,Ita
Equidia Pro 1,Fre
Equidia Pro 1,Eng
ESPN Africa,Eng
ESPN 2 Africa,Eng
ESPN 2 Africa,Por
National Geographic South Africa,Eng
National Geographic Wild South Africa,Eng
MTV Base Africa,Eng
BET Africa,Eng
National Geographic Wild France,Fre
La Gran Carpa Catedral TV,Spa
La Gran Carpa Catedral TV,Eng
La Gran Carpa Catedral TV,Por
La Gran Carpa Catedral TV,Fre
La Gran Carpa Catedral TV,Kin
RT Documentary,Eng
FunBox UHD,Eng
Bom Cine,Spa
CMM TV,Spa
SQCS Canal 4,Spa
Rede Amazônica Manaus,Por
Love Nature,Eng
Love Nature,Chi
Love Nature,Tur
Love Nature,Bul
Love Nature,Cze
Love Nature,Rus
Love Nature,Hun
Love Nature,Pol
Love Nature,Dut
ZooMoo Latinoamérica,Spa
BabyFirst TV,Eng
Canal DHE,Spa
TLN Network,Por
E! Andes,Spa
E! Sur,Spa
Cinecanal Este,Eng
Star Channel Central,Spa
Star Channel Perú,Spa
Cinecanal Oeste,Eng
FX Andina,Spa
Star Channel Chile,Spa
Star Channel Andino,Spa
National Geographic Panregional,Spa
HBO HD Latinoamérica,Eng
HBO Pop Latinoamérica,Eng
HBO Latinoamérica,Eng
HBO 2 Latinoamérica,Eng
HBO + Latinoamérica,Eng
HBO + Latinoamérica,Spa
HBO Family Latinoamérica,Eng
HBO Signature Latinoamérica,Eng
HBO Mundi Latinoamérica,Eng
HBO Xtreme Latinoamérica,Eng
Cinemax Latinoamérica,Eng
El Trece Internacional,Spa
Disney Channel Sur,Spa
Disney Junior Sur,Spa
ESPN 5 Chile,Spa
Disney Channel Latinoamérica,Spa
ESPN 5 América Latina,Spa
Fox Sports 3 Argentina,Eng
Fox Sports 3 Argentina,Spa
Fox Sports 2 Argentina,Eng
BYU TV Latin America,Eng
TNT Venezuela,Eng
TNT Venezuela,Spa
Cartoon Network Latinoamérica,Eng
Cartoon Network Latinoamérica,Spa
Space Sur,Eng
Space Sur,Spa
Cartoon Network Argentina,Eng
Space Latinoamérica,Spa
TNT Sports Argentina,Eng
Cartoonito Latinoamérica,Eng
TNT Argentina,Eng
TCM Argentina,Eng
TCM Argentina,Spa
TCM América Latina,Eng
TCM América Latina,Spa
Tooncast,Spa
Tooncast,Eng
Tooncast,Por
Cartoonito Argentina,Eng
ESPN 2 Argentina,Spa
ESPN 2 Argentina,Eng
ESPN 2 Colombia,Spa
ESPN 2 Colombia,Eng
ESPN 4 Argentina,Spa
ESPN 4 Argentina,Eng
ESPN 2 Chile,Spa
ESPN 2 Chile,Eng
ESPN 4 América Latina,Spa
ESPN 4 América Latina,Eng
ESPN 2 Sur,Spa
ESPN 2 Sur,Eng
Star Channel Argentina,Spa
FX Sur,Spa
National Geographic Sur,Spa
ESPN Premium Argentina,Spa
El Trece Satelital,Spa
Tlnovelas América,Eng
De Película,Spa
Golden Edge,Spa
Baby TV Latin America,Spa
Baby TV Latin America,Por
Disney Channel México,Spa
Disney Junior México,Spa
FX Norte,Spa
Star Channel México,Spa
National Geographic México,Spa
FX Chile,Spa
Much Argentina,Spa
I-Sat,Spa
I-Sat Brasil,Por
I-Sat Brasil,Eng
IVC Internacional,Eng
History Latinoamérica,Eng
History Latinoamérica,Spa
A&E Latinoamérica,Eng
A&E Latinoamérica,Spa
Warner Channel México,Eng
AXN Latinoamérica,Eng
AXN Latinoamérica,Spa
Sony Channel Centro,Eng
E! Latinoamérica,Spa
Lifetime Latinoamérica,Spa
Lifetime Latinoamérica,Eng
A&E Chile,Eng
History Atlántico Sur,Eng
History 2 Latinoamérica,Spa
History 2 Latinoamérica,Eng
ESPN Caribbean,Spa
ESPN Caribbean,Eng
ESPN 2 Caribbean,Spa
ESPN 2 Caribbean,Eng
ESPN 3 Norte,Spa
ESPN 3 Norte,Eng
ESPN América Latina,Spa
ESPN América Latina,Eng
ESPN Dos,Spa
ESPN Dos,Eng
ESPN Dos México,Spa
ESPN Dos México,Eng
Discovery Channel Latinoamérica,Spa
Discovery Home & Health Latinoamérica,Spa
Animal Planet Latinoamérica,Spa
Discovery Kids América Latina,Spa
Investigation Discovery Latinoamérica,Spa
Discovery Theater,Spa
Discovery HD World Latinoamérica,Spa
Discovery Home & Health Sur,Spa
Investigation Discovery Sur,Spa
Animal Planet Argentina,Spa
Discovery Kids Argentina,Spa
BBC News Americas,Eng
EWTN España - Latinoamérica,Spa
Investigation Discovery México,Spa
TLC México,Spa
Discovery Kids México,Spa
Discovery Channel México,Spa
Discovery Home & Health México,Spa
Food Network Latinoamérica,Spa
Discovery Kids Colombia,Spa
Oprah Winfrey Network East,Spa
TNT Novelas América Latina,Spa
Adult Swim América Latina,Spa
Adult Swim América Latina,Eng
TNT Series Brasil,Eng
Cartoon Network México,Eng
TNT Colombia,Eng
Cartoonito Brasil,Eng
Space México,Eng
TNT México,Eng
Cartoonito México,Eng
TNT Series México,Eng
TCM Brasil,Eng
TNT Series Colombia,Eng
TNT Series Argentina,Eng
TNT Chile,Spa
TNT Chile,Eng
Discovery Channel Brasil,Por
Discovery Channel Brasil,Eng
Discovery Turbo Brasil,Por
Discovery Turbo Brasil,Eng
Discovery Kids Brasil,Por
Discovery Kids Brasil,Eng
Discovery Home & Health Brasil,Por
Discovery Home & Health Brasil,Eng
TLC Brasil,Por
Investigação Discovery Brasil,Por
Animal Planet Brasil,Por
Food Network Brasil,Por
HGTV Brasil,Por
Warner Channel Panregional,Eng
Sony Channel Andes,Spa
Sony Channel Andes,Eng
Warner Channel Atlántico Sur,Eng
Sony Channel Sur,Spa
Studio Universal América Latina,Spa
Universal TV América Latina,Spa
Universal TV México,Spa
Studio Universal México,Spa
SBN Global,Spa
Antena 3 Internacional,Spa
Comedy Central Latinoamérica Norte,Eng
Comedy Central Latinoamérica Norte,Spa
Paramount Network Latin America,Spa
Paramount Network Latin America,Eng
MTV Latino Norte,Spa
MTV Latino Sud,Spa
Nickelodeon Norte,Spa
Nickelodeon Norte,Eng
Nickelodeon Centro,Spa
Nickelodeon Sur,Spa
Nickelodeon Sur,Eng
Club MTV,Eng
Nick Jr Latin America,Spa
MTV 80s,Eng
Comedy Central Latinoamérica Sur,Spa
HGTV Latinoamérica,Spa
Discovery Turbo América Latina,Spa
Golf Channel Latin America,Spa
TLC Latinoamérica,Spa
Discovery Science Latinoamérica,Spa
Discovery Kids Chile,Spa
Discovery Channel Chile,Spa
Discovery Channel Atlántico Sur,Spa
CDM TV,Spa
ESPN 6 América Latina,Spa
TV TEM Bauru,Por
TV Cultura Nacional,Por
TV Globo Rio de Janeiro,Por
TV Bahia,Por
Record Rede,Por
TV Anhanguera Goiânia,Por
RPC Curitiba,Por
RBS TV Porto Alegre,Por
TV Globo São Paulo,Por
EPTV Campinas e região,Por
TV Globo Minas,Por
TV Globo Nordeste,Por
TV Verdes Mares,Por
TV Liberal,Por
SBT Pará,Por
Big Brother Brasil 1,Por
Big Brother Brasil 2,Por
FS1,Eng
FS2,Eng
Fox Deportes,Eng
FS1 Alternate,Eng
Fox Sports Racing,Eng
Root Sports Northwest,Eng
AT&T SportsNet Southwest,Eng
NHL Network,Eng
NHL Network Alternate,Eng
Jewelry TV,Eng
BYU TV,Eng
SBN Domestic,Eng
Family Entertainment TV,Eng
Family Movie Classics,Eng
WAPA America,Spa
Game Show Network East,Eng
Gol TV,Spa
AccuWeather Network,Eng
Aspire TV,Eng
Game Show Network West,Eng
France 24 Español,Spa
Showtime West,Eng
Golf Channel US,Eng
Golf Channel US Alternate,Eng
TCM US,Eng
TVE Internacional América,Spa
AMC México,Spa
AMC México,Eng
Más Chic Lationamérica,Eng
Más Chic Lationamérica,Ger
Film & Arts América Latina,Spa
Film & Arts América Latina,Eng
Pasiones Latinoamérica,Spa
Hola! TV América Latina,Spa
Azteca Honduras,Spa
Star HD,Spa
Clan,Spa
Fox Sports Premium,Spa
El Financiero Bloomberg,Spa
ESPN Premium Chile,Spa
Fox Sports 2 México,Spa
Legislative Assembly of Ontario,Eng
RT Arabic,Ara
TNT West,Eng
TNT West,Spa
Discovery Channel West,Eng
TBS West,Eng
TBS West,Spa
National Geographic East,Eng
FXX West,Eng
FX East,Eng
FX Movie Channel,Eng
FXX East,Eng
FX West,Eng
National Geographic Wild,Eng
Fuse East,Eng
AMC East,Eng
Sundance TV East,Eng
BBC America West,Eng
We TV West,Eng
IFC West,Eng
Sundance TV West,Eng
BBC America East,Eng
AMC West,Eng
NBA TV,Tur
TNT East,Eng
Cartoon Network East,Eng
TBS East,Eng
CNN Airport,Eng
CNN Airport,Spa
Boomerang US,Eng
Boomerang US,Spa
TCM Canada,Eng
TCM Canada,Spa
WPCH-TV,Eng
WPCH-TV,Spa
Cartoon Network West,Eng
Cartoon Network West,Spa
NASA TV Public,Eng
NASA TV Media,Eng
Starz East,Eng
Starz Encore East,Eng
Starz Encore Action East,Eng
Starz Encore Black East,Eng
Starz Encore Classic East,Eng
Starz Encore Family East,Eng
Starz Encore Suspense East,Eng
Starz Encore Westerns East,Eng
Starz Encore Español Este,Spa
Starz Cinema East,Eng
Starz Comedy East,Eng
Starz Edge East,Eng
Starz In Black East,Eng
Starz Kids & Family East,Eng
IndiePlex East,Eng
RetroPlex East,Eng
MoviePlex East,Eng
Mega TV,Spa
TLC West,Eng
Yes Network,Eng
Marquee Sports Network,Eng
Marquee Sports Network Alternate,Eng
HBO 2 East,Eng
HBO Signature East,Eng
HBO Family East,Eng
Cinemax East,Eng
MoreMax East,Eng
ActionMax East,Eng
HBO Comedy East,Eng
HBO Zone East,Eng
Starz West,Eng
Starz Encore West,Eng
Starz Encore Action West,Eng
Starz Encore Black West,Eng
Starz Encore Classic West,Eng
Starz Encore Family West,Eng
Starz Encore Suspense West,Eng
Starz Encore Westerns West,Eng
Starz Encore Español Oeste,Spa
Starz Cinema West,Eng
Starz Comedy West,Eng
Starz Edge West,Eng
Starz In Black West,Eng
Starz Kids & Family West,Eng
IndiePlex West,Eng
RetroPlex West,Eng
MoviePlex West,Eng
EWTN US,Eng
EWTN EEUU,Spa
EWTN Canada,Eng
EWTN Canada,Fre
Big Ten Network,Eng
